{
  "id": "01d483b3-9cc8-4cda-a1be-0e8dcea48bde",
  "name": "currency-name",
  "isOverridable": true,
  "entries": [
    {
      "value": "BRL",
      "synonyms": [
        "BRL",
        "Brazil",
        "Real"
      ]
    },
    {
      "value": "USD",
      "synonyms": [
        "USD",
        "Dolar",
        "Dolars"
      ]
    },
    {
      "value": "EUR",
      "synonyms": [
        "EUR",
        "Euros",
        "Euro"
      ]
    }
  ],
  "isEnum": false,
  "automatedExpansion": false
}